{
   "STABLEV3":{
      "0x35bE4cA2f4C66861b6B3B9E6F35A7d8FDaD48dea":{
         "price":1.001,
         "logoUrl":"https://assets.coingecko.com/coins/images/325/large/Tether-logo.png",
         "chainId":"1",
         "address":"0x35bE4cA2f4C66861b6B3B9E6F35A7d8FDaD48dea",
         "name":"TetherUSD",
         "symbol":"USDT",
         "decimals":8,
         
         "underlying":{
            "address":"0x821FCbC717acD26B1Cc582D29Cc3CDcc696C3e2d",
            "name":"Binance-PegBSC-USD",
            "symbol":"anyUSDT",
            "decimals":8
         },
         "destChains":{
            "97":{
               "name":"TetherUSD",
               "symbol":"USDT",
               "decimals":8,
               "address":"0x6e9c98a8a481bf038ba7e1d669a0086547dd144e",
               "underlying":{
                  "address":"0xc0c3394781c23faa538a506b3c96fb59c050bed8",
                  "name":"TetherUSD",
                  "symbol":"anyUSDT",
                  "decimals":8
               },
               "swapfeeon":1,
               "MaximumSwap":"20000000",
               "MinimumSwap":"12",
               "BigValueThreshold":"5000000",
               "SwapFeeRatePerMillion":0.1,
               "MaximumSwapFee":"0.9",
               "MinimumSwapFee":"0.9",
               "type":"STABLEV3",
               "tokenid":"anyUSDT",
               "routerToken":"0x67AAf7aB10d4273023ddEEad302Bc9a7E7951eC2"
            }
         },
         "routerToken":"0x67AAf7aB10d4273023ddEEad302Bc9a7E7951eC2"
      }
   },
   "UNDERLYINGV2":{
   },
   "NATIVE":{
   }
}