{
   "STABLEV3":{
      "0x55d398326f99059ff775485246999027b3197955":{
         "price":1.001,
         "logoUrl":"https://assets.coingecko.com/coins/images/325/large/Tether-logo.png",
         "chainId":"56",
         "address":"0x55d398326f99059ff775485246999027b3197955",
         "name":"TetherUSD",
         "symbol":"USDT",
         "decimals":18,
         "underlying":{
            "address":"0xedf0c420bc3b92b961c6ec411cc810ca81f5f21a",
            "name":"Binance-PegBSC-USD",
            "symbol":"anyUSDT",
            "decimals":18
         },
         "destChains":{
            "1":{
               "name":"TetherUSD",
               "symbol":"USDT",
               "decimals":6,
               "address":"0xdac17f958d2ee523a2206206994597c13d831ec7",
               "underlying":{
                  "address":"0x22648c12acd87912ea1710357b1302c6a4154ebc",
                  "name":"TetherUSD",
                  "symbol":"anyUSDT",
                  "decimals":6
               },
               "swapfeeon":1,
               "MaximumSwap":"20000000",
               "MinimumSwap":"85",
               "BigValueThreshold":"5000000",
               "SwapFeeRatePerMillion":0.1,
               "MaximumSwapFee":"1000",
               "MinimumSwapFee":"80",
               "type":"STABLEV3",
               "tokenid":"anyUSDT",
               "routerToken":"0xd1c5966f9f5ee6881ff6b261bbeda45972b1b5f3"
            },
            "66":{
               "name":"USDT",
               "symbol":"USDT",
               "decimals":18,
               "address":"0x382bb369d343125bfb2117af9c149795c6c65c50",
               "underlying":{
                  "address":"0x0dcb0cb0120d355cde1ce56040be57add0185baa",
                  "name":"USDT",
                  "symbol":"anyUSDT",
                  "decimals":18
               },
               "swapfeeon":1,
               "MaximumSwap":"20000000",
               "MinimumSwap":"12",
               "BigValueThreshold":"5000000",
               "SwapFeeRatePerMillion":0.1,
               "MaximumSwapFee":"0.9",
               "MinimumSwapFee":"0.9",
               "type":"STABLEV3",
               "tokenid":"anyUSDT",
               "routerToken":"0xd1c5966f9f5ee6881ff6b261bbeda45972b1b5f3"
            },
            "128":{
               "name":"Heco-Peg USDT Token",
               "symbol":"USDT",
               "decimals":18,
               "address":"0xa71edc38d189767582c38a3145b5873052c3e47a",
               "underlying":{
                  "address":"0xfea7a6a0b346362bf88a9e4a88416b77a57d6c2a",
                  "name":"Heco-Peg USDTHECO Token",
                  "symbol":"anyUSDTHECO",
                  "decimals":18
               },
               "swapfeeon":1,
               "MaximumSwap":"20000000",
               "MinimumSwap":"12",
               "BigValueThreshold":"5000000",
               "SwapFeeRatePerMillion":0.1,
               "MaximumSwapFee":"0.9",
               "MinimumSwapFee":"0.9",
               "type":"STABLEV3",
               "tokenid":"anyUSDT",
               "routerToken":"0xd1c5966f9f5ee6881ff6b261bbeda45972b1b5f3"
            },
            "137":{
               "name":"(PoS)TetherUSD",
               "symbol":"USDT",
               "decimals":6,
               "address":"0xc2132d05d31c914a87c6611c10748aeb04b58e8f",
               "underlying":{
                  "address":"0xe3eeda11f06a656fcaee19de663e84c7e61d3cac",
                  "name":"(PoS)TetherUSD",
                  "symbol":"anyUSDT",
                  "decimals":6
               },
               "swapfeeon":1,
               "MaximumSwap":"20000000",
               "MinimumSwap":"12",
               "BigValueThreshold":"5000000",
               "SwapFeeRatePerMillion":0.1,
               "MaximumSwapFee":"0.9",
               "MinimumSwapFee":"0.9",
               "type":"STABLEV3",
               "tokenid":"anyUSDT",
               "routerToken":"0xd1c5966f9f5ee6881ff6b261bbeda45972b1b5f3"
            },
            "250":{
               "name":"FrappedUSDT",
               "symbol":"fUSDT",
               "decimals":6,
               "address":"0x049d68029688eabf473097a2fc38ef61633a3c7a",
               "underlying":{
                  "address":"0x2823d10da533d9ee873fed7b16f4a962b2b7f181",
                  "name":"FrappedUSDT",
                  "symbol":"anyUSDT",
                  "decimals":6
               },
               "swapfeeon":1,
               "MaximumSwap":"20000000",
               "MinimumSwap":"12",
               "BigValueThreshold":"5000000",
               "SwapFeeRatePerMillion":0.1,
               "MaximumSwapFee":"0.9",
               "MinimumSwapFee":"0.9",
               "type":"STABLEV3",
               "tokenid":"anyUSDT",
               "routerToken":"0xd1c5966f9f5ee6881ff6b261bbeda45972b1b5f3"
            },
            "43114":{
               "name":"Tether USD",
               "symbol":"USDT.e",
               "decimals":6,
               "address":"0xc7198437980c041c805a1edcba50c1ce5db95118",
               "underlying":{
                  "address":"0x94977c9888f3d2fafae290d33fab4a5a598ad764",
                  "name":"Tether USD",
                  "symbol":"anyUSDT",
                  "decimals":6
               },
               "swapfeeon":1,
               "MaximumSwap":"20000000",
               "MinimumSwap":"12",
               "BigValueThreshold":"5000000",
               "SwapFeeRatePerMillion":0.1,
               "MaximumSwapFee":"1.9",
               "MinimumSwapFee":"1.9",
               "type":"STABLEV3",
               "tokenid":"anyUSDT",
               "routerToken":"0xd1c5966f9f5ee6881ff6b261bbeda45972b1b5f3"
            }
         },
         "routerToken":"0xd1c5966f9f5ee6881ff6b261bbeda45972b1b5f3"
      }
   },
   "UNDERLYINGV2":{},
   "NATIVE":{}
}