{
   "0xdac17f958d2ee523a2206206994597c13d831ec7":{
      "address":"0xdac17f958d2ee523a2206206994597c13d831ec7",
      "name":"TetherUSD",
      "symbol":"USDT",
      "decimals":6,
      "underlying":{
         "address":"0x22648c12acd87912ea1710357b1302c6a4154ebc",
         "name":"TetherUSD",
         "symbol":"anyUSDT",
         "decimals":6
      },
      "destChains":{
         "40":{
            "0xefaeee334f0fd1712f9a8cc375f427d9cdd40d73":{
               "pairid":"USDTv5",
               "address":"0xefaeee334f0fd1712f9a8cc375f427d9cdd40d73",
               "name":"Tether USD",
               "symbol":"USDT",
               "decimals":6,
               "BigValueThreshold":1000000,
               "MaximumSwap":5000000,
               "MaximumSwapFee":0,
               "MinimumSwap":80,
               "MinimumSwapFee":0,
               "SwapFeeRatePerMillion":0,
               "BaseFeePercent":0,
               "DepositAddress":"0x57ed6BD35a6CE815079855CD0b21331d1D5D0A0e",
               "swapfeeon":1,
               "type":"swapin",
               "isDisabled":false,
               "underlying":false
            }
         },
         "56":{
            "0x55d398326f99059ff775485246999027b3197955":{
               "name":"TetherUSD",
               "symbol":"USDT",
               "decimals":18,
               "address":"0x55d398326f99059ff775485246999027b3197955",
               "underlying":{
                  "address":"0xedf0c420bc3b92b961c6ec411cc810ca81f5f21a",
                  "name":"Binance-PegBSC-USD",
                  "symbol":"anyUSDT",
                  "decimals":18
               },
               "swapfeeon":1,
               "MaximumSwap":"20000000",
               "MinimumSwap":"12",
               "BigValueThreshold":"5000000",
               "SwapFeeRatePerMillion":0.1,
               "MaximumSwapFee":"0.9",
               "MinimumSwapFee":"0.9",
               "type":"STABLEV3",
               "tokenid":"anyUSDT",
               "routerToken":"0x6b7a87899490ece95443e979ca9485cbe7e71522"
            }
         },
         "57":{
            "0x922d641a426dcffaef11680e5358f34d97d112e1":{
               "pairid":"USDTv5",
               "address":"0x922d641a426dcffaef11680e5358f34d97d112e1",
               "name":"Tether USD",
               "symbol":"USDT",
               "decimals":6,
               "BigValueThreshold":1000000,
               "MaximumSwap":5000000,
               "MaximumSwapFee":0,
               "MinimumSwap":80,
               "MinimumSwapFee":0,
               "SwapFeeRatePerMillion":0,
               "BaseFeePercent":0,
               "DepositAddress":"0x8cC49FE67A4bD7a15674c4ffD4E969D94304BBbf",
               "swapfeeon":1,
               "type":"swapin",
               "isDisabled":false,
               "underlying":false
            }
         },
         "66":{
            "0x382bb369d343125bfb2117af9c149795c6c65c50":{
               "name":"USDT",
               "symbol":"USDT",
               "decimals":18,
               "address":"0x382bb369d343125bfb2117af9c149795c6c65c50",
               "underlying":{
                  "address":"0x0dcb0cb0120d355cde1ce56040be57add0185baa",
                  "name":"USDT",
                  "symbol":"anyUSDT",
                  "decimals":18
               },
               "swapfeeon":1,
               "MaximumSwap":"20000000",
               "MinimumSwap":"12",
               "BigValueThreshold":"5000000",
               "SwapFeeRatePerMillion":0.1,
               "MaximumSwapFee":"0.9",
               "MinimumSwapFee":"0.9",
               "type":"STABLEV3",
               "tokenid":"anyUSDT",
               "routerToken":"0x6b7a87899490ece95443e979ca9485cbe7e71522"
            }
         },
         "106":{
            "0xb44a9b6905af7c801311e8f4e76932ee959c663c":{
               "pairid":"USDTv6",
               "address":"0xb44a9b6905af7c801311e8f4e76932ee959c663c",
               "name":"Tether USD",
               "symbol":"USDT",
               "decimals":6,
               "BigValueThreshold":1000000,
               "MaximumSwap":5000000,
               "MaximumSwapFee":0,
               "MinimumSwap":80,
               "MinimumSwapFee":0,
               "SwapFeeRatePerMillion":0,
               "BaseFeePercent":0,
               "DepositAddress":"0xCDd83050f045ab31B884f0Dc49581BC7b3e0B84C",
               "swapfeeon":1,
               "type":"swapin",
               "isDisabled":false,
               "underlying":false
            }
         },
         "128":{
            "0x721bc1af56fa923ab4c4a43bde49d7d1f8dd3076":{
               "pairid":"USDT",
               "address":"0x721bc1af56fa923ab4c4a43bde49d7d1f8dd3076",
               "name":"USDT-ERC20",
               "symbol":"anyUSDT",
               "decimals":6,
               "BigValueThreshold":1000000,
               "MaximumSwap":5000000,
               "MaximumSwapFee":0,
               "MinimumSwap":80,
               "MinimumSwapFee":0,
               "SwapFeeRatePerMillion":0,
               "BaseFeePercent":0,
               "DepositAddress":"0xD779967F8B511C5edf39115341B310022900eFED",
               "swapfeeon":1,
               "type":"swapin",
               "isDisabled":false,
               "underlying":false
            },
            "0xa71edc38d189767582c38a3145b5873052c3e47a":{
               "name":"Heco-Peg USDT Token",
               "symbol":"USDT",
               "decimals":18,
               "address":"0xa71edc38d189767582c38a3145b5873052c3e47a",
               "underlying":{
                  "address":"0xfea7a6a0b346362bf88a9e4a88416b77a57d6c2a",
                  "name":"Heco-Peg USDTHECO Token",
                  "symbol":"anyUSDTHECO",
                  "decimals":18
               },
               "swapfeeon":1,
               "MaximumSwap":"20000000",
               "MinimumSwap":"12",
               "BigValueThreshold":"5000000",
               "SwapFeeRatePerMillion":0.1,
               "MaximumSwapFee":"0.9",
               "MinimumSwapFee":"0.9",
               "type":"STABLEV3",
               "tokenid":"anyUSDT",
               "routerToken":"0x6b7a87899490ece95443e979ca9485cbe7e71522"
            }
         },
         "137":{
            "0xc2132d05d31c914a87c6611c10748aeb04b58e8f":{
               "name":"(PoS)TetherUSD",
               "symbol":"USDT",
               "decimals":6,
               "address":"0xc2132d05d31c914a87c6611c10748aeb04b58e8f",
               "underlying":{
                  "address":"0xe3eeda11f06a656fcaee19de663e84c7e61d3cac",
                  "name":"(PoS)TetherUSD",
                  "symbol":"anyUSDT",
                  "decimals":6
               },
               "swapfeeon":1,
               "MaximumSwap":"20000000",
               "MinimumSwap":"12",
               "BigValueThreshold":"5000000",
               "SwapFeeRatePerMillion":0.1,
               "MaximumSwapFee":"0.9",
               "MinimumSwapFee":"0.9",
               "type":"STABLEV3",
               "tokenid":"anyUSDT",
               "routerToken":"0x6b7a87899490ece95443e979ca9485cbe7e71522"
            }
         },
         "250":{
            "0x049d68029688eabf473097a2fc38ef61633a3c7a":{
               "pairid":"USDTv3",
               "address":"0x049d68029688eabf473097a2fc38ef61633a3c7a",
               "name":"FrappedUSDT",
               "symbol":"fUSDT",
               "decimals":6,
               "BigValueThreshold":10000000,
               "MaximumSwap":50000000,
               "MaximumSwapFee":0,
               "MinimumSwap":80,
               "MinimumSwapFee":0,
               "SwapFeeRatePerMillion":0,
               "BaseFeePercent":0,
               "DepositAddress":"0xC564EE9f21Ed8A2d8E7e76c085740d5e4c5FaFbE",
               "swapfeeon":1,
               "type":"swapin",
               "isDisabled":false,
               "underlying":false
            }
         },
         "336":{
            "0x818ec0a7fe18ff94269904fced6ae3dae6d6dc0b":{
               "pairid":"USDTv5",
               "address":"0x818ec0a7fe18ff94269904fced6ae3dae6d6dc0b",
               "name":"TetherUSD",
               "symbol":"USDT",
               "decimals":6,
               "BigValueThreshold":1000000,
               "MaximumSwap":5000000,
               "MaximumSwapFee":0,
               "MinimumSwap":40,
               "MinimumSwapFee":0,
               "SwapFeeRatePerMillion":0,
               "BaseFeePercent":0,
               "DepositAddress":"0x4E67df0f232C3bc985F8a63326D80ce3d9A40400",
               "swapfeeon":1,
               "type":"swapin",
               "isDisabled":false,
               "underlying":false
            }
         },
         "592":{
            "0xefaeee334f0fd1712f9a8cc375f427d9cdd40d73":{
               "pairid":"USDTv5",
               "address":"0xefaeee334f0fd1712f9a8cc375f427d9cdd40d73",
               "name":"Tether USD",
               "symbol":"USDT",
               "decimals":6,
               "BigValueThreshold":1000000,
               "MaximumSwap":5000000,
               "MaximumSwapFee":0,
               "MinimumSwap":80,
               "MinimumSwapFee":0,
               "SwapFeeRatePerMillion":0,
               "BaseFeePercent":0,
               "DepositAddress":"0xFc7cc7C7e7985316d23104B9689C511134f59bc8",
               "swapfeeon":1,
               "type":"swapin",
               "isDisabled":false,
               "underlying":false
            }
         },
         "1024":{
            "0xfa9343c3897324496a05fc75abed6bac29f8a40f":{
               "pairid":"USDTv6",
               "address":"0xfa9343c3897324496a05fc75abed6bac29f8a40f",
               "name":"Tether USD",
               "symbol":"USDT",
               "decimals":6,
               "BigValueThreshold":1000000,
               "MaximumSwap":5000000,
               "MaximumSwapFee":0,
               "MinimumSwap":80,
               "MinimumSwapFee":0,
               "SwapFeeRatePerMillion":0,
               "BaseFeePercent":0,
               "DepositAddress":"0x3696f44F2B7FE51486f81D2639Ff895202614711",
               "swapfeeon":1,
               "type":"swapin",
               "isDisabled":false,
               "underlying":false
            }
         },
         "1284":{
            "0xefaeee334f0fd1712f9a8cc375f427d9cdd40d73":{
               "pairid":"USDTv5",
               "address":"0xefaeee334f0fd1712f9a8cc375f427d9cdd40d73",
               "name":"Tether USD",
               "symbol":"USDT",
               "decimals":6,
               "BigValueThreshold":1000000,
               "MaximumSwap":5000000,
               "MaximumSwapFee":0,
               "MinimumSwap":80,
               "MinimumSwapFee":0,
               "SwapFeeRatePerMillion":0,
               "BaseFeePercent":0,
               "DepositAddress":"0xEC4486a90371c9b66f499Ff3936F29f0D5AF8b7E",
               "swapfeeon":1,
               "type":"swapin",
               "isDisabled":false,
               "underlying":false
            }
         },
         "1285":{
            "0xb44a9b6905af7c801311e8f4e76932ee959c663c":{
               "pairid":"USDTv5",
               "address":"0xb44a9b6905af7c801311e8f4e76932ee959c663c",
               "name":"TetherUSD",
               "symbol":"USDT",
               "decimals":6,
               "BigValueThreshold":1000000,
               "MaximumSwap":5000000,
               "MaximumSwapFee":0,
               "MinimumSwap":80,
               "MinimumSwapFee":0,
               "SwapFeeRatePerMillion":0,
               "BaseFeePercent":0,
               "DepositAddress":"0x10c6b61DbF44a083Aec3780aCF769C77BE747E23",
               "swapfeeon":1,
               "type":"swapin",
               "isDisabled":false,
               "underlying":false
            }
         },
         "32659":{
            "0xc7c64ac6d46be3d6ea318ec6276bb55291f8e496":{
               "pairid":"USDT",
               "address":"0xc7c64ac6d46be3d6ea318ec6276bb55291f8e496",
               "name":"ANYTether-ERC20",
               "symbol":"aUSDT",
               "decimals":6,
               "BigValueThreshold":1000000,
               "MaximumSwap":5000000,
               "MaximumSwapFee":0,
               "MinimumSwap":80,
               "MinimumSwapFee":0,
               "SwapFeeRatePerMillion":0,
               "BaseFeePercent":0,
               "DepositAddress":"0x46290B0c3A234E3d538050d8F34421797532A827",
               "swapfeeon":1,
               "type":"swapin",
               "isDisabled":false,
               "underlying":false
            }
         },
         "42262":{
            "0x6ab6d61428fde76768d7b45d8bfeec19c6ef91a8":{
               "pairid":"USDTv6",
               "address":"0x6ab6d61428fde76768d7b45d8bfeec19c6ef91a8",
               "name":"Tether USD",
               "symbol":"USDT",
               "decimals":6,
               "BigValueThreshold":1000000,
               "MaximumSwap":5000000,
               "MaximumSwapFee":0,
               "MinimumSwap":80,
               "MinimumSwapFee":0,
               "SwapFeeRatePerMillion":0,
               "BaseFeePercent":0,
               "DepositAddress":"0xE4cf417081A0Ab3f964b44D904BC2b534351A9a7",
               "swapfeeon":1,
               "type":"swapin",
               "isDisabled":false,
               "underlying":false
            }
         },
         "43114":{
            "0xc7198437980c041c805a1edcba50c1ce5db95118":{
               "name":"Tether USD",
               "symbol":"USDT.e",
               "decimals":6,
               "address":"0xc7198437980c041c805a1edcba50c1ce5db95118",
               "underlying":{
                  "address":"0x94977c9888f3d2fafae290d33fab4a5a598ad764",
                  "name":"Tether USD",
                  "symbol":"anyUSDT",
                  "decimals":6
               },
               "swapfeeon":1,
               "MaximumSwap":"20000000",
               "MinimumSwap":"12",
               "BigValueThreshold":"5000000",
               "SwapFeeRatePerMillion":0.1,
               "MaximumSwapFee":"1.9",
               "MinimumSwapFee":"1.9",
               "type":"STABLEV3",
               "tokenid":"anyUSDT",
               "routerToken":"0x6b7a87899490ece95443e979ca9485cbe7e71522"
            }
         }
      },
      "price":1.001,
      "logoUrl":"https://assets.coingecko.com/coins/images/325/large/Tether-logo.png",
      "chainId":"1"
   }
}