{
   "0x6e9c98a8a481bf038ba7e1d669a0086547dd144e":{
      "address":"0x6e9c98a8a481bf038ba7e1d669a0086547dd144e",
      "name":"TetherUSD111",
      "symbol":"USDT",
      "decimals":8,
      "underlying":{
         "address":"0xc0c3394781c23faa538a506b3c96fb59c050bed8",
         "name":"TetherUSD111",
         "symbol":"anyUSDT",
         "decimals":8
      },
      "destChains":{
         "77":{
            "0x35bE4cA2f4C66861b6B3B9E6F35A7d8FDaD48dea":{
               "name":"TetherUSD222",
               "symbol":"USDT",
               "decimals":8,
               "address":"0x35bE4cA2f4C66861b6B3B9E6F35A7d8FDaD48dea",
               "underlying":{
                  "address":"0x821FCbC717acD26B1Cc582D29Cc3CDcc696C3e2d",
                  "name":"Binance-PegBSC-USD",
                  "symbol":"anyUSDT",
                  "decimals":8
               },
               "swapfeeon":1,
               "MaximumSwap":"20000000",
               "MinimumSwap":"12",
               "BigValueThreshold":"5000000",
               "SwapFeeRatePerMillion":0.1,
               "MaximumSwapFee":"0.9",
               "MinimumSwapFee":"0.9",
               "type":"STABLEV3",
               "tokenid":"anyUSDT",
               "routerToken":"0x69558d860103e420013fadde75f81b54a06d728f"
            }
         },
         "80001":{
            "0xd2774939f988ee4545822333105ef4554f44496c":{
               "name":"TetherUSD222",
               "symbol":"USDT",
               "decimals":8,
               "address":"0xd2774939f988ee4545822333105ef4554f44496c",
               "underlying":{
                  "address":"0xdf46b199612dfcc4617e7ce627d9464aa914b173",
                  "name":"Binance-PegBSC-USD",
                  "symbol":"anyUSDT",
                  "decimals":8
               },
               "swapfeeon":1,
               "MaximumSwap":"20000000",
               "MinimumSwap":"12",
               "BigValueThreshold":"5000000",
               "SwapFeeRatePerMillion":0.1,
               "MaximumSwapFee":"0.9",
               "MinimumSwapFee":"0.9",
               "type":"STABLEV3",
               "tokenid":"anyUSDT",
               "routerToken":"0x69558d860103e420013fadde75f81b54a06d728f"
            }
         }
      },
      "price":1.001,
      "logoUrl":"https://assets.coingecko.com/coins/images/325/large/Tether-logo.png",
      "chainId":"1"
   }
}